year,month,month,quater,cases,population,rate/(10000)
2017,1,Mueang Phayao,Q1,0,44894,0
2017,2,Mueang Phayao,Q1,0,44894,0
2017,3,Mueang Phayao,Q1,0,44862,0
2017,4,Mueang Phayao,Q2,3,44878,0.668478987
2017,5,Mueang Phayao,Q2,14,44867,3.12033343
2017,6,Mueang Phayao,Q2,7,44836,1.561245428
2017,7,Mueang Phayao,Q3,5,44828,1.11537432
2017,8,Mueang Phayao,Q3,1,44820,0.223114681
2017,9,Mueang Phayao,Q3,1,44821,0.223109703
2017,10,Mueang Phayao,Q4,2,44817,0.446259232
2017,11,Mueang Phayao,Q4,0,44813,0
2017,12,Mueang Phayao,Q4,0,44801,0
2018,1,Mueang Phayao,Q1,0,44801,0
2018,2,Mueang Phayao,Q1,0,44782,0
2018,3,Mueang Phayao,Q1,0,44757,0
2018,4,Mueang Phayao,Q2,1,44719,0.223618596
2018,5,Mueang Phayao,Q2,1,44688,0.22377372
2018,6,Mueang Phayao,Q2,12,44680,2.685765443
2018,7,Mueang Phayao,Q3,7,44670,1.567047235
2018,8,Mueang Phayao,Q3,4,44672,0.895415473
2018,9,Mueang Phayao,Q3,2,44674,0.447687693
2018,10,Mueang Phayao,Q4,0,44664,0
2018,11,Mueang Phayao,Q4,0,44584,0
2018,12,Mueang Phayao,Q4,1,44570,0.224366166
2019,1,Mueang Phayao,Q1,0,44562,0
2019,2,Mueang Phayao,Q1,0,44546,0
2019,3,Mueang Phayao,Q1,0,44529,0
2019,4,Mueang Phayao,Q2,1,44517,0.224633286
2019,5,Mueang Phayao,Q2,3,44483,0.674414945
2019,6,Mueang Phayao,Q2,4,44478,0.899321013
2019,7,Mueang Phayao,Q3,16,44425,3.601575689
2019,8,Mueang Phayao,Q3,38,44399,8.558751323
2019,9,Mueang Phayao,Q3,8,44366,1.803182617
2019,10,Mueang Phayao,Q4,6,44347,1.352966379
2019,11,Mueang Phayao,Q4,3,44312,0.677017512
2019,12,Mueang Phayao,Q4,0,44271,0
2020,1,Mueang Phayao,Q1,0,44248,0
2020,2,Mueang Phayao,Q1,0,44226,0
2020,3,Mueang Phayao,Q1,0,44224,0
2020,4,Mueang Phayao,Q2,1,44209,0.226198285
2020,5,Mueang Phayao,Q2,3,44210,0.678579507
2020,6,Mueang Phayao,Q2,34,44207,7.691089646
2020,7,Mueang Phayao,Q3,43,44208,9.72674629
2020,8,Mueang Phayao,Q3,31,44175,7.01754386
2020,9,Mueang Phayao,Q3,3,43513,0.68944913
2020,10,Mueang Phayao,Q4,3,43484,0.689908932
2020,11,Mueang Phayao,Q4,0,43491,0
2020,12,Mueang Phayao,Q4,1,43480,0.2299908
2021,1,Mueang Phayao,Q1,0,43434,0
2021,2,Mueang Phayao,Q1,0,43395,0
2021,3,Mueang Phayao,Q1,2,43347,0.461392945
2021,4,Mueang Phayao,Q2,0,43319,0
2021,5,Mueang Phayao,Q2,0,43349,0
2021,6,Mueang Phayao,Q2,0,43373,0
2021,7,Mueang Phayao,Q3,0,43333,0
2021,8,Mueang Phayao,Q3,0,43289,0
2021,9,Mueang Phayao,Q3,0,43273,0
2021,10,Mueang Phayao,Q4,0,43250,0
2021,11,Mueang Phayao,Q4,0,43221,0
2021,12,Mueang Phayao,Q4,0,43184,0
2022,1,Mueang Phayao,Q1,0,43161,0
2022,2,Mueang Phayao,Q1,0,43165,0
2022,3,Mueang Phayao,Q1,3,43164,0.695023631
2022,4,Mueang Phayao,Q2,0,43139,0
2022,5,Mueang Phayao,Q2,10,43108,2.319755034
2022,6,Mueang Phayao,Q2,23,43102,5.336179296
2022,7,Mueang Phayao,Q3,8,43086,1.856751613
2022,8,Mueang Phayao,Q3,4,43047,0.929216902
2022,9,Mueang Phayao,Q3,2,43029,0.464802807
2022,10,Mueang Phayao,Q4,2,43027,0.464824413
2022,11,Mueang Phayao,Q4,1,42967,0.232736751
2022,12,Mueang Phayao,Q4,1,42938,0.23289394
2023,1,Mueang Phayao,Q1,6,42916,1.39807997
2023,2,Mueang Phayao,Q1,8,42930,1.863498719
2023,3,Mueang Phayao,Q1,3,42929,0.698828298
2023,4,Mueang Phayao,Q2,7,42915,1.631131306
2023,5,Mueang Phayao,Q2,15,42888,3.497481813
2023,6,Mueang Phayao,Q2,34,42878,7.929474322
2023,7,Mueang Phayao,Q3,28,42855,6.533660016
2023,8,Mueang Phayao,Q3,50,42827,11.674878
2023,9,Mueang Phayao,Q3,26,42798,6.075050236
2023,10,Mueang Phayao,Q4,21,42768,4.910213244
2023,11,Mueang Phayao,Q4,11,42723,2.574725558
2023,12,Mueang Phayao,Q4,14,42687,3.279687024
2024,1,Mueang Phayao,Q1,5,42662,1.172003188
2024,2,Mueang Phayao,Q1,5,42635,1.172745397
2024,3,Mueang Phayao,Q1,7,42616,1.642575558
2024,4,Mueang Phayao,Q2,3,42598,0.704258416
2024,5,Mueang Phayao,Q2,5,42565,1.174674028
2024,6,Mueang Phayao,Q2,12,42529,2.821604082
2024,7,Mueang Phayao,Q3,20,42505,4.705328785
2024,8,Mueang Phayao,Q3,18,42445,4.240782189
2024,9,Mueang Phayao,Q3,9,42434,2.120940755
2024,10,Mueang Phayao,Q4,6,42420,1.414427157
2024,11,Mueang Phayao,Q4,7,42419,1.650203918
2024,12,Mueang Phayao,Q4,6,42364,1.416296856
2017,1,Mae Chai,Q1,0,20883,0
2017,2,Mae Chai,Q1,0,20882,0
2017,3,Mae Chai,Q1,0,20880,0
2017,4,Mae Chai,Q2,0,20884,0
2017,5,Mae Chai,Q2,1,20865,0.479271507
2017,6,Mae Chai,Q2,3,20870,1.437470053
2017,7,Mae Chai,Q3,3,20873,1.43726345
2017,8,Mae Chai,Q3,0,20877,0
2017,9,Mae Chai,Q3,0,20854,0
2017,10,Mae Chai,Q4,1,20860,0.479386385
2017,11,Mae Chai,Q4,0,20830,0
2017,12,Mae Chai,Q4,0,20817,0
2018,1,Mae Chai,Q1,0,20820,0
2018,2,Mae Chai,Q1,0,20800,0
2018,3,Mae Chai,Q1,0,20798,0
2018,4,Mae Chai,Q2,2,20793,0.961862165
2018,5,Mae Chai,Q2,1,20773,0.481394117
2018,6,Mae Chai,Q2,4,20787,1.924279598
2018,7,Mae Chai,Q3,1,20763,0.481625969
2018,8,Mae Chai,Q3,0,20732,0
2018,9,Mae Chai,Q3,0,20703,0
2018,10,Mae Chai,Q4,0,20682,0
2018,11,Mae Chai,Q4,0,20644,0
2018,12,Mae Chai,Q4,0,20642,0
2019,1,Mae Chai,Q1,0,20622,0
2019,2,Mae Chai,Q1,0,20606,0
2019,3,Mae Chai,Q1,0,20596,0
2019,4,Mae Chai,Q2,0,20606,0
2019,5,Mae Chai,Q2,4,20580,1.943634597
2019,6,Mae Chai,Q2,67,20570,32.57170637
2019,7,Mae Chai,Q3,109,20570,52.98979096
2019,8,Mae Chai,Q3,14,20559,6.809669731
2019,9,Mae Chai,Q3,9,20550,4.379562044
2019,10,Mae Chai,Q4,3,20539,1.460635863
2019,11,Mae Chai,Q4,0,20531,0
2019,12,Mae Chai,Q4,0,20508,0
2020,1,Mae Chai,Q1,0,20489,0
2020,2,Mae Chai,Q1,0,20477,0
2020,3,Mae Chai,Q1,0,20477,0
2020,4,Mae Chai,Q2,0,20479,0
2020,5,Mae Chai,Q2,0,20472,0
2020,6,Mae Chai,Q2,1,20376,0.490773459
2020,7,Mae Chai,Q3,2,20372,0.981739643
2020,8,Mae Chai,Q3,1,20374,0.490821635
2020,9,Mae Chai,Q3,1,20349,0.49142464
2020,10,Mae Chai,Q4,0,20362,0
2020,11,Mae Chai,Q4,0,20344,0
2020,12,Mae Chai,Q4,0,20327,0
2021,1,Mae Chai,Q1,1,20313,0.492295574
2021,2,Mae Chai,Q1,0,20310,0
2021,3,Mae Chai,Q1,0,20288,0
2021,4,Mae Chai,Q2,0,20304,0
2021,5,Mae Chai,Q2,0,20309,0
2021,6,Mae Chai,Q2,0,20292,0
2021,7,Mae Chai,Q3,1,20269,0.493364251
2021,8,Mae Chai,Q3,0,20242,0
2021,9,Mae Chai,Q3,0,20240,0
2021,10,Mae Chai,Q4,0,20214,0
2021,11,Mae Chai,Q4,0,20206,0
2021,12,Mae Chai,Q4,0,20178,0
2022,1,Mae Chai,Q1,0,20164,0
2022,2,Mae Chai,Q1,0,20162,0
2022,3,Mae Chai,Q1,0,20148,0
2022,4,Mae Chai,Q2,0,20159,0
2022,5,Mae Chai,Q2,0,20143,0
2022,6,Mae Chai,Q2,0,20111,0
2022,7,Mae Chai,Q3,0,20109,0
2022,8,Mae Chai,Q3,0,20077,0
2022,9,Mae Chai,Q3,1,20064,0.498405104
2022,10,Mae Chai,Q4,0,20060,0
2022,11,Mae Chai,Q4,0,20030,0
2022,12,Mae Chai,Q4,0,20030,0
2023,1,Mae Chai,Q1,1,20017,0.499575361
2023,2,Mae Chai,Q1,1,20015,0.499625281
2023,3,Mae Chai,Q1,2,20007,0.999650122
2023,4,Mae Chai,Q2,1,19991,0.500225101
2023,5,Mae Chai,Q2,1,19968,0.500801282
2023,6,Mae Chai,Q2,1,19943,0.501429073
2023,7,Mae Chai,Q3,10,19934,5.01655463
2023,8,Mae Chai,Q3,12,19948,6.015640666
2023,9,Mae Chai,Q3,3,19924,1.505721743
2023,10,Mae Chai,Q4,3,19905,1.507159005
2023,11,Mae Chai,Q4,0,19886,0
2023,12,Mae Chai,Q4,3,19871,1.509737809
2024,1,Mae Chai,Q1,0,19836,0
2024,2,Mae Chai,Q1,1,19830,0.504286435
2024,3,Mae Chai,Q1,0,19826,0
2024,4,Mae Chai,Q2,1,19817,0.504617248
2024,5,Mae Chai,Q2,0,19794,0
2024,6,Mae Chai,Q2,0,19768,0
2024,7,Mae Chai,Q3,8,19757,4.049197753
2024,8,Mae Chai,Q3,3,19728,1.520681265
2024,9,Mae Chai,Q3,1,19724,0.506996552
2024,10,Mae Chai,Q4,1,19707,0.507433907
2024,11,Mae Chai,Q4,0,19710,0
2024,12,Mae Chai,Q4,0,19689,0
2017,1,Phu Sang,Q1,0,24564,0
2017,2,Phu Sang,Q1,0,24563,0
2017,3,Phu Sang,Q1,0,24596,0
2017,4,Phu Sang,Q2,0,24605,0
2017,5,Phu Sang,Q2,1,24605,0.406421459
2017,6,Phu Sang,Q2,2,24608,0.812743823
2017,7,Phu Sang,Q3,0,24588,0
2017,8,Phu Sang,Q3,4,24587,1.626875991
2017,9,Phu Sang,Q3,4,24597,1.626214579
2017,10,Phu Sang,Q4,1,24589,0.406685916
2017,11,Phu Sang,Q4,0,24587,0
2017,12,Phu Sang,Q4,0,24596,0
2018,1,Phu Sang,Q1,0,24610,0
2018,2,Phu Sang,Q1,0,24579,0
2018,3,Phu Sang,Q1,0,24581,0
2018,4,Phu Sang,Q2,0,24596,0
2018,5,Phu Sang,Q2,0,24573,0
2018,6,Phu Sang,Q2,2,24571,0.813967685
2018,7,Phu Sang,Q3,6,24570,2.442002442
2018,8,Phu Sang,Q3,6,24564,2.442598925
2018,9,Phu Sang,Q3,0,24553,0
2018,10,Phu Sang,Q4,9,24534,3.668378577
2018,11,Phu Sang,Q4,5,24477,2.042733995
2018,12,Phu Sang,Q4,0,24487,0
2019,1,Phu Sang,Q1,0,24471,0
2019,2,Phu Sang,Q1,0,24468,0
2019,3,Phu Sang,Q1,0,24476,0
2019,4,Phu Sang,Q2,0,24455,0
2019,5,Phu Sang,Q2,0,24417,0
2019,6,Phu Sang,Q2,1,24438,0.409198789
2019,7,Phu Sang,Q3,2,24439,0.81836409
2019,8,Phu Sang,Q3,0,24432,0
2019,9,Phu Sang,Q3,7,24439,2.864274316
2019,10,Phu Sang,Q4,2,24454,0.817862108
2019,11,Phu Sang,Q4,4,24449,1.636058735
2019,12,Phu Sang,Q4,1,24427,0.40938306
2020,1,Phu Sang,Q1,0,24426,0
2020,2,Phu Sang,Q1,0,24406,0
2020,3,Phu Sang,Q1,0,24402,0
2020,4,Phu Sang,Q2,0,24399,0
2020,5,Phu Sang,Q2,1,24435,0.409249028
2020,6,Phu Sang,Q2,0,24477,0
2020,7,Phu Sang,Q3,1,24462,0.408797318
2020,8,Phu Sang,Q3,0,24433,0
2020,9,Phu Sang,Q3,0,24385,0
2020,10,Phu Sang,Q4,0,24392,0
2020,11,Phu Sang,Q4,0,24398,0
2020,12,Phu Sang,Q4,0,24400,0
2021,1,Phu Sang,Q1,0,24399,0
2021,2,Phu Sang,Q1,0,24382,0
2021,3,Phu Sang,Q1,0,24384,0
2021,4,Phu Sang,Q2,0,24381,0
2021,5,Phu Sang,Q2,0,24381,0
2021,6,Phu Sang,Q2,0,24357,0
2021,7,Phu Sang,Q3,0,24350,0
2021,8,Phu Sang,Q3,0,24351,0
2021,9,Phu Sang,Q3,0,24355,0
2021,10,Phu Sang,Q4,0,24340,0
2021,11,Phu Sang,Q4,0,24335,0
2021,12,Phu Sang,Q4,0,24325,0
2022,1,Phu Sang,Q1,0,24333,0
2022,2,Phu Sang,Q1,0,24337,0
2022,3,Phu Sang,Q1,0,24341,0
2022,4,Phu Sang,Q2,0,24342,0
2022,5,Phu Sang,Q2,0,24334,0
2022,6,Phu Sang,Q2,1,24364,0.410441635
2022,7,Phu Sang,Q3,1,24360,0.410509031
2022,8,Phu Sang,Q3,2,24340,0.821692687
2022,9,Phu Sang,Q3,1,24351,0.410660753
2022,10,Phu Sang,Q4,0,24330,0
2022,11,Phu Sang,Q4,0,24323,0
2022,12,Phu Sang,Q4,0,24330,0
2023,1,Phu Sang,Q1,3,24333,1.232893601
2023,2,Phu Sang,Q1,5,24308,2.056935988
2023,3,Phu Sang,Q1,2,24307,0.822808245
2023,4,Phu Sang,Q2,3,24317,1.233704816
2023,5,Phu Sang,Q2,10,24296,4.115903852
2023,6,Phu Sang,Q2,18,24288,7.411067194
2023,7,Phu Sang,Q3,10,24283,4.118107318
2023,8,Phu Sang,Q3,12,24273,4.943764677
2023,9,Phu Sang,Q3,8,24269,3.296386336
2023,10,Phu Sang,Q4,4,24265,1.648464867
2023,11,Phu Sang,Q4,7,24242,2.887550532
2023,12,Phu Sang,Q4,3,24240,1.237623762
2024,1,Phu Sang,Q1,4,24256,1.649076517
2024,2,Phu Sang,Q1,5,24236,2.063046707
2024,3,Phu Sang,Q1,1,24213,0.41300128
2024,4,Phu Sang,Q2,7,24209,2.891486637
2024,5,Phu Sang,Q2,5,24170,2.068680182
2024,6,Phu Sang,Q2,34,24168,14.06818934
2024,7,Phu Sang,Q3,32,24165,13.24229257
2024,8,Phu Sang,Q3,12,24121,4.974918121
2024,9,Phu Sang,Q3,17,24111,7.050723736
2024,10,Phu Sang,Q4,7,24076,2.907459711
2024,11,Phu Sang,Q4,5,24064,2.077792553
2024,12,Phu Sang,Q4,6,24063,2.493454681
2017,1,Phu Kamyao,Q1,0,12838,0
2017,2,Phu Kamyao,Q1,0,12820,0
2017,3,Phu Kamyao,Q1,0,12812,0
2017,4,Phu Kamyao,Q2,0,12788,0
2017,5,Phu Kamyao,Q2,0,12803,0
2017,6,Phu Kamyao,Q2,0,12804,0
2017,7,Phu Kamyao,Q3,0,12801,0
2017,8,Phu Kamyao,Q3,0,12797,0
2017,9,Phu Kamyao,Q3,0,12804,0
2017,10,Phu Kamyao,Q4,0,12804,0
2017,11,Phu Kamyao,Q4,0,12805,0
2017,12,Phu Kamyao,Q4,0,12798,0
2018,1,Phu Kamyao,Q1,0,12783,0
2018,2,Phu Kamyao,Q1,0,12782,0
2018,3,Phu Kamyao,Q1,0,12783,0
2018,4,Phu Kamyao,Q2,0,12780,0
2018,5,Phu Kamyao,Q2,0,12788,0
2018,6,Phu Kamyao,Q2,0,12777,0
2018,7,Phu Kamyao,Q3,0,12777,0
2018,8,Phu Kamyao,Q3,0,12775,0
2018,9,Phu Kamyao,Q3,0,12762,0
2018,10,Phu Kamyao,Q4,0,12759,0
2018,11,Phu Kamyao,Q4,0,12749,0
2018,12,Phu Kamyao,Q4,0,12753,0
2019,1,Phu Kamyao,Q1,0,12745,0
2019,2,Phu Kamyao,Q1,0,12731,0
2019,3,Phu Kamyao,Q1,0,12733,0
2019,4,Phu Kamyao,Q2,0,12752,0
2019,5,Phu Kamyao,Q2,0,12761,0
2019,6,Phu Kamyao,Q2,5,12766,3.916653611
2019,7,Phu Kamyao,Q3,8,12751,6.274017724
2019,8,Phu Kamyao,Q3,0,12741,0
2019,9,Phu Kamyao,Q3,0,12739,0
2019,10,Phu Kamyao,Q4,0,12748,0
2019,11,Phu Kamyao,Q4,0,12756,0
2019,12,Phu Kamyao,Q4,0,12745,0
2020,1,Phu Kamyao,Q1,0,12746,0
2020,2,Phu Kamyao,Q1,0,12746,0
2020,3,Phu Kamyao,Q1,0,12752,0
2020,4,Phu Kamyao,Q2,0,12753,0
2020,5,Phu Kamyao,Q2,0,12758,0
2020,6,Phu Kamyao,Q2,0,12767,0
2020,7,Phu Kamyao,Q3,0,12756,0
2020,8,Phu Kamyao,Q3,1,12749,0.784375245
2020,9,Phu Kamyao,Q3,0,12732,0
2020,10,Phu Kamyao,Q4,0,12721,0
2020,11,Phu Kamyao,Q4,0,12719,0
2020,12,Phu Kamyao,Q4,0,12723,0
2021,1,Phu Kamyao,Q1,0,12724,0
2021,2,Phu Kamyao,Q1,0,12717,0
2021,3,Phu Kamyao,Q1,0,12690,0
2021,4,Phu Kamyao,Q2,0,12693,0
2021,5,Phu Kamyao,Q2,0,12693,0
2021,6,Phu Kamyao,Q2,0,12692,0
2021,7,Phu Kamyao,Q3,0,12680,0
2021,8,Phu Kamyao,Q3,1,12676,0.788892395
2021,9,Phu Kamyao,Q3,0,12671,0
2021,10,Phu Kamyao,Q4,0,12670,0
2021,11,Phu Kamyao,Q4,0,12664,0
2021,12,Phu Kamyao,Q4,0,12646,0
2022,1,Phu Kamyao,Q1,0,12632,0
2022,2,Phu Kamyao,Q1,0,12629,0
2022,3,Phu Kamyao,Q1,0,12628,0
2022,4,Phu Kamyao,Q2,1,12625,0.792079208
2022,5,Phu Kamyao,Q2,0,12617,0
2022,6,Phu Kamyao,Q2,0,12592,0
2022,7,Phu Kamyao,Q3,0,12586,0
2022,8,Phu Kamyao,Q3,6,12582,4.768717215
2022,9,Phu Kamyao,Q3,0,12577,0
2022,10,Phu Kamyao,Q4,0,12571,0
2022,11,Phu Kamyao,Q4,0,12559,0
2022,12,Phu Kamyao,Q4,0,12547,0
2023,1,Phu Kamyao,Q1,0,12548,0
2023,2,Phu Kamyao,Q1,0,12556,0
2023,3,Phu Kamyao,Q1,0,12553,0
2023,4,Phu Kamyao,Q2,3,12553,2.389866964
2023,5,Phu Kamyao,Q2,0,12544,0
2023,6,Phu Kamyao,Q2,1,12520,0.798722045
2023,7,Phu Kamyao,Q3,1,12513,0.799168864
2023,8,Phu Kamyao,Q3,0,12506,0
2023,9,Phu Kamyao,Q3,0,12486,0
2023,10,Phu Kamyao,Q4,1,12472,0.801796023
2023,11,Phu Kamyao,Q4,2,12449,1.606554743
2023,12,Phu Kamyao,Q4,0,12448,0
2024,1,Phu Kamyao,Q1,0,12443,0
2024,2,Phu Kamyao,Q1,0,12439,0
2024,3,Phu Kamyao,Q1,0,12427,0
2024,4,Phu Kamyao,Q2,1,12425,0.804828974
2024,5,Phu Kamyao,Q2,0,12407,0
2024,6,Phu Kamyao,Q2,0,12384,0
2024,7,Phu Kamyao,Q3,0,12376,0
2024,8,Phu Kamyao,Q3,3,12355,2.428166734
2024,9,Phu Kamyao,Q3,1,12346,0.809978941
2024,10,Phu Kamyao,Q4,2,12346,1.619957881
2024,11,Phu Kamyao,Q4,3,12356,2.427970217
2024,12,Phu Kamyao,Q4,0,12353,0
2017,1,Pong,Q1,0,39885,0
2017,2,Pong,Q1,0,39875,0
2017,3,Pong,Q1,0,39894,0
2017,4,Pong,Q2,0,39926,0
2017,5,Pong,Q2,0,39924,0
2017,6,Pong,Q2,1,39878,0.250764833
2017,7,Pong,Q3,2,39882,0.501479364
2017,8,Pong,Q3,0,39900,0
2017,9,Pong,Q3,2,39944,0.500700981
2017,10,Pong,Q4,2,39955,0.500563134
2017,11,Pong,Q4,0,39942,0
2017,12,Pong,Q4,0,39945,0
2018,1,Pong,Q1,0,39961,0
2018,2,Pong,Q1,0,39960,0
2018,3,Pong,Q1,0,39954,0
2018,4,Pong,Q2,0,39961,0
2018,5,Pong,Q2,6,39952,1.501802163
2018,6,Pong,Q2,14,39971,3.502539341
2018,7,Pong,Q3,14,39972,3.502451716
2018,8,Pong,Q3,26,39992,6.50130026
2018,9,Pong,Q3,10,39992,2.5005001
2018,10,Pong,Q4,2,39990,0.500125031
2018,11,Pong,Q4,3,39958,0.750788328
2018,12,Pong,Q4,0,39956,0
2019,1,Pong,Q1,0,39924,0
2019,2,Pong,Q1,0,39920,0
2019,3,Pong,Q1,0,39914,0
2019,4,Pong,Q2,1,39914,0.250538658
2019,5,Pong,Q2,0,39871,0
2019,6,Pong,Q2,0,39862,0
2019,7,Pong,Q3,2,39869,0.50164288
2019,8,Pong,Q3,2,39846,0.50193244
2019,9,Pong,Q3,2,39851,0.501869464
2019,10,Pong,Q4,0,39864,0
2019,11,Pong,Q4,1,39842,0.250991416
2019,12,Pong,Q4,0,39836,0
2020,1,Pong,Q1,0,39843,0
2020,2,Pong,Q1,0,39833,0
2020,3,Pong,Q1,0,39860,0
2020,4,Pong,Q2,1,39888,0.250701966
2020,5,Pong,Q2,0,39905,0
2020,6,Pong,Q2,0,39924,0
2020,7,Pong,Q3,9,39872,2.257223114
2020,8,Pong,Q3,8,39845,2.007780148
2020,9,Pong,Q3,2,39536,0.50586807
2020,10,Pong,Q4,3,39507,0.759359101
2020,11,Pong,Q4,0,39508,0
2020,12,Pong,Q4,0,39501,0
2021,1,Pong,Q1,0,39498,0
2021,2,Pong,Q1,0,39476,0
2021,3,Pong,Q1,0,39468,0
2021,4,Pong,Q2,0,39446,0
2021,5,Pong,Q2,1,39484,0.253267146
2021,6,Pong,Q2,0,39450,0
2021,7,Pong,Q3,0,39385,0
2021,8,Pong,Q3,0,39409,0
2021,9,Pong,Q3,0,39402,0
2021,10,Pong,Q4,0,39406,0
2021,11,Pong,Q4,1,39379,0.253942457
2021,12,Pong,Q4,0,39370,0
2022,1,Pong,Q1,0,39473,0
2022,2,Pong,Q1,0,39485,0
2022,3,Pong,Q1,1,39485,0.253260732
2022,4,Pong,Q2,1,39484,0.253267146
2022,5,Pong,Q2,0,39468,0
2022,6,Pong,Q2,1,39420,0.253678336
2022,7,Pong,Q3,1,39409,0.253749144
2022,8,Pong,Q3,9,39387,2.285017899
2022,9,Pong,Q3,5,39382,1.26961556
2022,10,Pong,Q4,3,39403,0.761363348
2022,11,Pong,Q4,1,39390,0.253871541
2022,12,Pong,Q4,0,39376,0
2023,1,Pong,Q1,9,39351,2.287108333
2023,2,Pong,Q1,6,39347,1.524893893
2023,3,Pong,Q1,4,39360,1.016260163
2023,4,Pong,Q2,6,39383,1.523499987
2023,5,Pong,Q2,6,39361,1.524351515
2023,6,Pong,Q2,6,39334,1.525397875
2023,7,Pong,Q3,15,39304,3.816405455
2023,8,Pong,Q3,43,39311,10.93841418
2023,9,Pong,Q3,15,39288,3.817959682
2023,10,Pong,Q4,20,39270,5.092946269
2023,11,Pong,Q4,15,39247,3.821948174
2023,12,Pong,Q4,11,39216,2.80497756
2024,1,Pong,Q1,15,39195,3.827018752
2024,2,Pong,Q1,11,39191,2.80676686
2024,3,Pong,Q1,9,39187,2.296680021
2024,4,Pong,Q2,7,39175,1.786853861
2024,5,Pong,Q2,21,39108,5.369745321
2024,6,Pong,Q2,34,39061,8.704334246
2024,7,Pong,Q3,27,39062,6.912088475
2024,8,Pong,Q3,47,38998,12.0519001
2024,9,Pong,Q3,31,38992,7.950348789
2024,10,Pong,Q4,15,38972,3.848917171
2024,11,Pong,Q4,16,38971,4.105616997
2024,12,Pong,Q4,11,38956,2.823698532
2017,1,Dok Khamtai,Q1,0,39418,0
2017,2,Dok Khamtai,Q1,1,39372,0.253987605
2017,3,Dok Khamtai,Q1,0,39345,0
2017,4,Dok Khamtai,Q2,0,39355,0
2017,5,Dok Khamtai,Q2,0,39330,0
2017,6,Dok Khamtai,Q2,2,39327,0.508556462
2017,7,Dok Khamtai,Q3,4,39309,1.017578672
2017,8,Dok Khamtai,Q3,0,39304,0
2017,9,Dok Khamtai,Q3,0,39312,0
2017,10,Dok Khamtai,Q4,0,39310,0
2017,11,Dok Khamtai,Q4,0,39276,0
2017,12,Dok Khamtai,Q4,3,39232,0.764681892
2018,1,Dok Khamtai,Q1,0,39209,0
2018,2,Dok Khamtai,Q1,0,39190,0
2018,3,Dok Khamtai,Q1,0,39199,0
2018,4,Dok Khamtai,Q2,0,39196,0
2018,5,Dok Khamtai,Q2,1,39180,0.255232261
2018,6,Dok Khamtai,Q2,2,39173,0.51055574
2018,7,Dok Khamtai,Q3,2,39169,0.510607879
2018,8,Dok Khamtai,Q3,1,39177,0.255251806
2018,9,Dok Khamtai,Q3,2,39174,0.510542707
2018,10,Dok Khamtai,Q4,0,39164,0
2018,11,Dok Khamtai,Q4,0,39129,0
2018,12,Dok Khamtai,Q4,0,39106,0
2019,1,Dok Khamtai,Q1,0,39060,0
2019,2,Dok Khamtai,Q1,0,39027,0
2019,3,Dok Khamtai,Q1,0,39032,0
2019,4,Dok Khamtai,Q2,4,39018,1.025167871
2019,5,Dok Khamtai,Q2,5,39004,1.281919803
2019,6,Dok Khamtai,Q2,4,38999,1.025667325
2019,7,Dok Khamtai,Q3,9,38989,2.308343379
2019,8,Dok Khamtai,Q3,10,38966,2.566339886
2019,9,Dok Khamtai,Q3,2,38964,0.513294323
2019,10,Dok Khamtai,Q4,2,38950,0.513478819
2019,11,Dok Khamtai,Q4,1,38932,0.256858112
2019,12,Dok Khamtai,Q4,0,38920,0
2020,1,Dok Khamtai,Q1,1,38883,0.257181802
2020,2,Dok Khamtai,Q1,0,38853,0
2020,3,Dok Khamtai,Q1,1,38825,0.257566001
2020,4,Dok Khamtai,Q2,1,38811,0.257658911
2020,5,Dok Khamtai,Q2,2,38818,0.515224896
2020,6,Dok Khamtai,Q2,2,38777,0.515769657
2020,7,Dok Khamtai,Q3,3,38482,0.779585261
2020,8,Dok Khamtai,Q3,7,38444,1.820830299
2020,9,Dok Khamtai,Q3,0,38404,0
2020,10,Dok Khamtai,Q4,0,38388,0
2020,11,Dok Khamtai,Q4,1,38371,0.260613484
2020,12,Dok Khamtai,Q4,0,38368,0
2021,1,Dok Khamtai,Q1,1,38389,0.260491287
2021,2,Dok Khamtai,Q1,0,38349,0
2021,3,Dok Khamtai,Q1,2,38324,0.521866194
2021,4,Dok Khamtai,Q2,0,38325,0
2021,5,Dok Khamtai,Q2,0,38317,0
2021,6,Dok Khamtai,Q2,2,38285,0.522397806
2021,7,Dok Khamtai,Q3,1,38254,0.261410571
2021,8,Dok Khamtai,Q3,0,38228,0
2021,9,Dok Khamtai,Q3,4,38212,1.046791584
2021,10,Dok Khamtai,Q4,1,38193,0.261828084
2021,11,Dok Khamtai,Q4,2,38182,0.523807029
2021,12,Dok Khamtai,Q4,1,38136,0.262219425
2022,1,Dok Khamtai,Q1,0,38098,0
2022,2,Dok Khamtai,Q1,0,38083,0
2022,3,Dok Khamtai,Q1,0,38043,0
2022,4,Dok Khamtai,Q2,1,38024,0.262991795
2022,5,Dok Khamtai,Q2,2,37969,0.526745503
2022,6,Dok Khamtai,Q2,1,37924,0.263685265
2022,7,Dok Khamtai,Q3,4,37897,1.055492519
2022,8,Dok Khamtai,Q3,2,37860,0.528262018
2022,9,Dok Khamtai,Q3,6,37821,1.586420243
2022,10,Dok Khamtai,Q4,0,37824,0
2022,11,Dok Khamtai,Q4,1,37765,0.264795446
2022,12,Dok Khamtai,Q4,2,37736,0.52999788
2023,1,Dok Khamtai,Q1,14,37716,3.711952487
2023,2,Dok Khamtai,Q1,13,37666,3.45138852
2023,3,Dok Khamtai,Q1,10,37653,2.655830877
2023,4,Dok Khamtai,Q2,8,37637,2.125567925
2023,5,Dok Khamtai,Q2,10,37608,2.659008722
2023,6,Dok Khamtai,Q2,5,37567,1.33095536
2023,7,Dok Khamtai,Q3,43,37568,11.44591141
2023,8,Dok Khamtai,Q3,62,37556,16.50868037
2023,9,Dok Khamtai,Q3,25,37539,6.659740537
2023,10,Dok Khamtai,Q4,13,37510,3.465742469
2023,11,Dok Khamtai,Q4,13,37483,3.468238935
2023,12,Dok Khamtai,Q4,6,37456,1.601879539
2024,1,Dok Khamtai,Q1,6,37404,1.604106513
2024,2,Dok Khamtai,Q1,5,37389,1.337291717
2024,3,Dok Khamtai,Q1,0,37367,0
2024,4,Dok Khamtai,Q2,1,37357,0.267687448
2024,5,Dok Khamtai,Q2,4,37321,1.071782642
2024,6,Dok Khamtai,Q2,6,37285,1.60922623
2024,7,Dok Khamtai,Q3,7,37225,1.880456682
2024,8,Dok Khamtai,Q3,19,37154,5.11385046
2024,9,Dok Khamtai,Q3,4,37135,1.077150936
2024,10,Dok Khamtai,Q4,7,37119,1.885826666
2024,11,Dok Khamtai,Q4,5,37116,1.347127923
2024,12,Dok Khamtai,Q4,3,37090,0.808843354
2017,1,Chiang Muan,Q1,0,10036,0
2017,2,Chiang Muan,Q1,0,10032,0
2017,3,Chiang Muan,Q1,0,10047,0
2017,4,Chiang Muan,Q2,0,10050,0
2017,5,Chiang Muan,Q2,0,10028,0
2017,6,Chiang Muan,Q2,0,10020,0
2017,7,Chiang Muan,Q3,0,10022,0
2017,8,Chiang Muan,Q3,0,10020,0
2017,9,Chiang Muan,Q3,0,10009,0
2017,10,Chiang Muan,Q4,0,10011,0
2017,11,Chiang Muan,Q4,0,10009,0
2017,12,Chiang Muan,Q4,0,10014,0
2018,1,Chiang Muan,Q1,0,10008,0
2018,2,Chiang Muan,Q1,0,9994,0
2018,3,Chiang Muan,Q1,0,9972,0
2018,4,Chiang Muan,Q2,0,9956,0
2018,5,Chiang Muan,Q2,2,9956,2.008838891
2018,6,Chiang Muan,Q2,0,9961,0
2018,7,Chiang Muan,Q3,1,9955,1.004520342
2018,8,Chiang Muan,Q3,2,9964,2.007226014
2018,9,Chiang Muan,Q3,0,9966,0
2018,10,Chiang Muan,Q4,0,9950,0
2018,11,Chiang Muan,Q4,0,9922,0
2018,12,Chiang Muan,Q4,0,9919,0
2019,1,Chiang Muan,Q1,0,9908,0
2019,2,Chiang Muan,Q1,0,9882,0
2019,3,Chiang Muan,Q1,0,9873,0
2019,4,Chiang Muan,Q2,0,9871,0
2019,5,Chiang Muan,Q2,0,9870,0
2019,6,Chiang Muan,Q2,1,9868,1.013376571
2019,7,Chiang Muan,Q3,5,9848,5.07717303
2019,8,Chiang Muan,Q3,0,9852,0
2019,9,Chiang Muan,Q3,1,9850,1.015228426
2019,10,Chiang Muan,Q4,0,9850,0
2019,11,Chiang Muan,Q4,0,9837,0
2019,12,Chiang Muan,Q4,0,9837,0
2020,1,Chiang Muan,Q1,0,9840,0
2020,2,Chiang Muan,Q1,1,9828,1.017501018
2020,3,Chiang Muan,Q1,11,9837,11.18227102
2020,4,Chiang Muan,Q2,9,9839,9.147271064
2020,5,Chiang Muan,Q2,1,9834,1.016880212
2020,6,Chiang Muan,Q2,1,9832,1.017087063
2020,7,Chiang Muan,Q3,0,9823,0
2020,8,Chiang Muan,Q3,0,9815,0
2020,9,Chiang Muan,Q3,0,9813,0
2020,10,Chiang Muan,Q4,0,9805,0
2020,11,Chiang Muan,Q4,0,9793,0
2020,12,Chiang Muan,Q4,0,9793,0
2021,1,Chiang Muan,Q1,0,9781,0
2021,2,Chiang Muan,Q1,0,9782,0
2021,3,Chiang Muan,Q1,0,9769,0
2021,4,Chiang Muan,Q2,0,9761,0
2021,5,Chiang Muan,Q2,1,9755,1.025115325
2021,6,Chiang Muan,Q2,0,9739,0
2021,7,Chiang Muan,Q3,0,9731,0
2021,8,Chiang Muan,Q3,0,9721,0
2021,9,Chiang Muan,Q3,1,9719,1.02891244
2021,10,Chiang Muan,Q4,0,9715,0
2021,11,Chiang Muan,Q4,1,9711,1.029760066
2021,12,Chiang Muan,Q4,0,9704,0
2022,1,Chiang Muan,Q1,0,9687,0
2022,2,Chiang Muan,Q1,0,9671,0
2022,3,Chiang Muan,Q1,0,9663,0
2022,4,Chiang Muan,Q2,0,9666,0
2022,5,Chiang Muan,Q2,0,9658,0
2022,6,Chiang Muan,Q2,0,9658,0
2022,7,Chiang Muan,Q3,0,9644,0
2022,8,Chiang Muan,Q3,0,9637,0
2022,9,Chiang Muan,Q3,0,9651,0
2022,10,Chiang Muan,Q4,0,9655,0
2022,11,Chiang Muan,Q4,0,9635,0
2022,12,Chiang Muan,Q4,0,9620,0
2023,1,Chiang Muan,Q1,9,9614,9.361348034
2023,2,Chiang Muan,Q1,14,9598,14.58637216
2023,3,Chiang Muan,Q1,14,9602,14.58029577
2023,4,Chiang Muan,Q2,20,9598,20.83767452
2023,5,Chiang Muan,Q2,37,9586,38.59795535
2023,6,Chiang Muan,Q2,36,9572,37.60969494
2023,7,Chiang Muan,Q3,46,9560,48.11715481
2023,8,Chiang Muan,Q3,14,9546,14.66582862
2023,9,Chiang Muan,Q3,9,9536,9.437919463
2023,10,Chiang Muan,Q4,4,9518,4.202563564
2023,11,Chiang Muan,Q4,3,9490,3.161222339
2023,12,Chiang Muan,Q4,13,9490,13.69863014
2024,1,Chiang Muan,Q1,1,9483,1.054518612
2024,2,Chiang Muan,Q1,1,9470,1.055966209
2024,3,Chiang Muan,Q1,1,9468,1.056189269
2024,4,Chiang Muan,Q2,2,9465,2.113048072
2024,5,Chiang Muan,Q2,2,9440,2.118644068
2024,6,Chiang Muan,Q2,0,9427,0
2024,7,Chiang Muan,Q3,3,9416,3.18606627
2024,8,Chiang Muan,Q3,6,9407,6.378228978
2024,9,Chiang Muan,Q3,8,9411,8.500690681
2024,10,Chiang Muan,Q4,3,9411,3.187759005
2024,11,Chiang Muan,Q4,2,9406,2.12630236
2024,12,Chiang Muan,Q4,2,9397,2.128338832
2017,1,Chiang Kham,Q1,0,55792,0
2017,2,Chiang Kham,Q1,0,55783,0
2017,3,Chiang Kham,Q1,0,55763,0
2017,4,Chiang Kham,Q2,0,55797,0
2017,5,Chiang Kham,Q2,0,55836,0
2017,6,Chiang Kham,Q2,0,55810,0
2017,7,Chiang Kham,Q3,0,55786,0
2017,8,Chiang Kham,Q3,1,55801,0.179208258
2017,9,Chiang Kham,Q3,1,55798,0.179217893
2017,10,Chiang Kham,Q4,0,55804,0
2017,11,Chiang Kham,Q4,1,55842,0.179076681
2017,12,Chiang Kham,Q4,0,55838,0
2018,1,Chiang Kham,Q1,0,55820,0
2018,2,Chiang Kham,Q1,0,55823,0
2018,3,Chiang Kham,Q1,0,55849,0
2018,4,Chiang Kham,Q2,0,55836,0
2018,5,Chiang Kham,Q2,14,55895,2.504696306
2018,6,Chiang Kham,Q2,15,55881,2.684275514
2018,7,Chiang Kham,Q3,1,55850,0.17905103
2018,8,Chiang Kham,Q3,3,55837,0.537278149
2018,9,Chiang Kham,Q3,2,55854,0.358076414
2018,10,Chiang Kham,Q4,1,55840,0.179083095
2018,11,Chiang Kham,Q4,0,56125,0
2018,12,Chiang Kham,Q4,0,56137,0
2019,1,Chiang Kham,Q1,0,56126,0
2019,2,Chiang Kham,Q1,0,56110,0
2019,3,Chiang Kham,Q1,14,56073,2.496745314
2019,4,Chiang Kham,Q2,14,56116,2.494832133
2019,5,Chiang Kham,Q2,1,56203,0.177926445
2019,6,Chiang Kham,Q2,2,56182,0.355985903
2019,7,Chiang Kham,Q3,0,56168,0
2019,8,Chiang Kham,Q3,6,56111,1.069309048
2019,9,Chiang Kham,Q3,10,56118,1.781959443
2019,10,Chiang Kham,Q4,10,56104,1.782404107
2019,11,Chiang Kham,Q4,14,56144,2.493587917
2019,12,Chiang Kham,Q4,2,56119,0.356385538
2020,1,Chiang Kham,Q1,0,56090,0
2020,2,Chiang Kham,Q1,0,56056,0
2020,3,Chiang Kham,Q1,0,56025,0
2020,4,Chiang Kham,Q2,1,56054,0.178399401
2020,5,Chiang Kham,Q2,1,56035,0.178459891
2020,6,Chiang Kham,Q2,0,56004,0
2020,7,Chiang Kham,Q3,9,56004,1.607028069
2020,8,Chiang Kham,Q3,21,55537,3.781262942
2020,9,Chiang Kham,Q3,1,55620,0.179791442
2020,10,Chiang Kham,Q4,0,55627,0
2020,11,Chiang Kham,Q4,0,55674,0
2020,12,Chiang Kham,Q4,0,55632,0
2021,1,Chiang Kham,Q1,0,55607,0
2021,2,Chiang Kham,Q1,0,55557,0
2021,3,Chiang Kham,Q1,0,55487,0
2021,4,Chiang Kham,Q2,0,55488,0
2021,5,Chiang Kham,Q2,0,55402,0
2021,6,Chiang Kham,Q2,0,55354,0
2021,7,Chiang Kham,Q3,0,55460,0
2021,8,Chiang Kham,Q3,0,55434,0
2021,9,Chiang Kham,Q3,0,55411,0
2021,10,Chiang Kham,Q4,0,55438,0
2021,11,Chiang Kham,Q4,0,55489,0
2021,12,Chiang Kham,Q4,1,55497,0.18018992
2022,1,Chiang Kham,Q1,0,55432,0
2022,2,Chiang Kham,Q1,0,55399,0
2022,3,Chiang Kham,Q1,0,55408,0
2022,4,Chiang Kham,Q2,1,55420,0.180440274
2022,5,Chiang Kham,Q2,0,55475,0
2022,6,Chiang Kham,Q2,0,55450,0
2022,7,Chiang Kham,Q3,0,55435,0
2022,8,Chiang Kham,Q3,2,55401,0.361004314
2022,9,Chiang Kham,Q3,0,55370,0
2022,10,Chiang Kham,Q4,1,55352,0.180661945
2022,11,Chiang Kham,Q4,1,55372,0.180596691
2022,12,Chiang Kham,Q4,0,55343,0
2023,1,Chiang Kham,Q1,13,55327,2.349666528
2023,2,Chiang Kham,Q1,10,55292,1.808579903
2023,3,Chiang Kham,Q1,9,55289,1.627810234
2023,4,Chiang Kham,Q2,11,55261,1.990553917
2023,5,Chiang Kham,Q2,17,55316,3.073251862
2023,6,Chiang Kham,Q2,47,55314,8.496944716
2023,7,Chiang Kham,Q3,55,55284,9.948628898
2023,8,Chiang Kham,Q3,61,55265,11.03772731
2023,9,Chiang Kham,Q3,31,55209,5.615026536
2023,10,Chiang Kham,Q4,36,55163,6.526113518
2023,11,Chiang Kham,Q4,24,55190,4.348613879
2023,12,Chiang Kham,Q4,21,55129,3.809247402
2024,1,Chiang Kham,Q1,21,55109,3.810629843
2024,2,Chiang Kham,Q1,16,55100,2.903811252
2024,3,Chiang Kham,Q1,10,55133,1.81379573
2024,4,Chiang Kham,Q2,12,55152,2.175805048
2024,5,Chiang Kham,Q2,33,55175,5.980969642
2024,6,Chiang Kham,Q2,90,55132,16.32445767
2024,7,Chiang Kham,Q3,75,55067,13.61977228
2024,8,Chiang Kham,Q3,44,55020,7.997091967
2024,9,Chiang Kham,Q3,34,54978,6.184291899
2024,10,Chiang Kham,Q4,42,54978,7.639419404
2024,11,Chiang Kham,Q4,27,55021,4.907217244
2024,12,Chiang Kham,Q4,17,55000,3.090909091
2017,1,Chun,Q1,0,19088,0
2017,2,Chun,Q1,0,19072,0
2017,3,Chun,Q1,0,19019,0
2017,4,Chun,Q2,0,19002,0
2017,5,Chun,Q2,0,19047,0
2017,6,Chun,Q2,0,19185,0
2017,7,Chun,Q3,1,19193,0.52102329
2017,8,Chun,Q3,1,19173,0.521566787
2017,9,Chun,Q3,2,19151,1.044331889
2017,10,Chun,Q4,0,19145,0
2017,11,Chun,Q4,0,19139,0
2017,12,Chun,Q4,0,19134,0
2018,1,Chun,Q1,0,19127,0
2018,2,Chun,Q1,0,19135,0
2018,3,Chun,Q1,0,19096,0
2018,4,Chun,Q2,0,19042,0
2018,5,Chun,Q2,0,19008,0
2018,6,Chun,Q2,0,19042,0
2018,7,Chun,Q3,2,19083,1.048053241
2018,8,Chun,Q3,2,19067,1.048932711
2018,9,Chun,Q3,0,19074,0
2018,10,Chun,Q4,1,19060,0.524658972
2018,11,Chun,Q4,0,19050,0
2018,12,Chun,Q4,0,19041,0
2019,1,Chun,Q1,1,19058,0.524714031
2019,2,Chun,Q1,0,19043,0
2019,3,Chun,Q1,0,18994,0
2019,4,Chun,Q2,0,18958,0
2019,5,Chun,Q2,1,18897,0.529184527
2019,6,Chun,Q2,1,18889,0.529408651
2019,7,Chun,Q3,1,18867,0.530025971
2019,8,Chun,Q3,0,18897,0
2019,9,Chun,Q3,0,18894,0
2019,10,Chun,Q4,0,18876,0
2019,11,Chun,Q4,0,18889,0
2019,12,Chun,Q4,0,18867,0
2020,1,Chun,Q1,0,18877,0
2020,2,Chun,Q1,0,18845,0
2020,3,Chun,Q1,0,18817,0
2020,4,Chun,Q2,0,18807,0
2020,5,Chun,Q2,0,18774,0
2020,6,Chun,Q2,11,18736,5.871050384
2020,7,Chun,Q3,12,18797,6.383997446
2020,8,Chun,Q3,1,18412,0.54312405
2020,9,Chun,Q3,0,18395,0
2020,10,Chun,Q4,0,18395,0
2020,11,Chun,Q4,0,18408,0
2020,12,Chun,Q4,0,18391,0
2021,1,Chun,Q1,0,18365,0
2021,2,Chun,Q1,0,18342,0
2021,3,Chun,Q1,0,18316,0
2021,4,Chun,Q2,0,18261,0
2021,5,Chun,Q2,1,18220,0.54884742
2021,6,Chun,Q2,0,18189,0
2021,7,Chun,Q3,0,18159,0
2021,8,Chun,Q3,0,18145,0
2021,9,Chun,Q3,0,18233,0
2021,10,Chun,Q4,0,18222,0
2021,11,Chun,Q4,0,18212,0
2021,12,Chun,Q4,0,18177,0
2022,1,Chun,Q1,0,18157,0
2022,2,Chun,Q1,0,18126,0
2022,3,Chun,Q1,1,18081,0.553066755
2022,4,Chun,Q2,0,18055,0
2022,5,Chun,Q2,1,18013,0.555154611
2022,6,Chun,Q2,1,17983,0.556080743
2022,7,Chun,Q3,0,17978,0
2022,8,Chun,Q3,0,17954,0
2022,9,Chun,Q3,0,17946,0
2022,10,Chun,Q4,0,17918,0
2022,11,Chun,Q4,0,17890,0
2022,12,Chun,Q4,0,17880,0
2023,1,Chun,Q1,0,17876,0
2023,2,Chun,Q1,0,17840,0
2023,3,Chun,Q1,0,17751,0
2023,4,Chun,Q2,2,17727,1.128222485
2023,5,Chun,Q2,1,17681,0.56557887
2023,6,Chun,Q2,0,17690,0
2023,7,Chun,Q3,0,17705,0
2023,8,Chun,Q3,3,17741,1.690998253
2023,9,Chun,Q3,1,17743,0.563602547
2023,10,Chun,Q4,1,17702,0.56490792
2023,11,Chun,Q4,1,17695,0.565131393
2023,12,Chun,Q4,0,17688,0
2024,1,Chun,Q1,0,17672,0
2024,2,Chun,Q1,0,17620,0
2024,3,Chun,Q1,0,17562,0
2024,4,Chun,Q2,1,17539,0.570157934
2024,5,Chun,Q2,4,17596,2.273243919
2024,6,Chun,Q2,4,17676,2.26295542
2024,7,Chun,Q3,6,17653,3.398855719
2024,8,Chun,Q3,1,17645,0.566732785
2024,9,Chun,Q3,1,17622,0.567472478
2024,10,Chun,Q4,1,17585,0.568666477
2024,11,Chun,Q4,0,17566,0
2024,12,Chun,Q4,4,17560,2.277904328
